type,channel,time,distance,intensity
apical,ZtSH2,-1,0,5.325
apical,ZtSH2,-1,0.1154,2.296
apical,ZtSH2,-1,0.2308,2.59
apical,ZtSH2,-1,0.3462,3.141
apical,ZtSH2,-1,0.4617,3.987
apical,ZtSH2,-1,0.5771,3.287
apical,ZtSH2,-1,0.6925,2.44
apical,ZtSH2,-1,0.8079,1.752
apical,ZtSH2,-1,0.9233,4.351
apical,ZtSH2,-1,1.0387,4.075
apical,ZtSH2,-1,1.1542,3.67
apical,ZtSH2,-1,1.2696,6.095
apical,ZtSH2,-1,1.385,7.044
apical,ZtSH2,-1,1.5004,4.251
apical,ZtSH2,-1,1.6158,3.548
apical,ZtSH2,-1,1.7312,3.377
apical,ZtSH2,-1,1.8466,6.23
apical,ZtSH2,-1,1.9621,6.215
apical,ZtSH2,-1,2.0775,5.076
apical,ZtSH2,-1,2.1929,4.852
apical,ZtSH2,-1,2.3083,5.045
apical,ZtSH2,-1,2.4237,3.163
apical,ZtSH2,-1,2.5391,5.423
apical,ZtSH2,-1,2.6545,5.048
apical,ZtSH2,-1,2.77,4.683
apical,ZtSH2,-1,2.8854,7.593
apical,ZtSH2,-1,3.0008,5.327
apical,ZtSH2,-1,3.1162,5.168
apical,ZtSH2,-1,3.2316,4.409
apical,ZtSH2,-1,3.347,7.439
apical,ZtSH2,-1,3.4625,5.574
apical,ZtSH2,-1,3.5779,7.342
apical,ZtSH2,-1,3.6933,5.565
apical,ZtSH2,-1,3.8087,7.56
apical,ZtSH2,-1,3.9241,7.556
apical,ZtSH2,-1,4.0395,9.243
apical,ZtSH2,-1,4.1549,7.893
apical,ZtSH2,-1,4.2704,10.359
apical,ZtSH2,-1,4.3858,11.197
apical,ZtSH2,-1,4.5012,11.784
apical,ZtSH2,-1,4.6166,10.712
apical,ZtSH2,-1,4.732,14.762
apical,ZtSH2,-1,4.8474,17.739
apical,ZtSH2,-1,4.9628,17.646
apical,ZtSH2,-1,5.0783,30.083
apical,ZtSH2,-1,5.1937,29.242
apical,ZtSH2,-1,5.3091,36.505
apical,ZtSH2,-1,5.4245,49.66
apical,ZtSH2,-1,5.5399,52.276
apical,ZtSH2,-1,5.6553,62.585
apical,ZtSH2,-1,5.7708,79.3
apical,ZtSH2,-1,5.8862,75.712
apical,ZtSH2,-1,6.0016,83.044
apical,ZtSH2,-1,6.117,88.329
apical,ZtSH2,-1,6.2324,85.634
apical,ZtSH2,-1,6.3478,90.263
apical,ZtSH2,-1,6.4632,97.935
apical,ZtSH2,-1,6.5787,98.683
apical,ZtSH2,-1,6.6941,105.557
apical,ZtSH2,-1,6.8095,106.628
apical,ZtSH2,-1,6.9249,99.852
apical,ZtSH2,-1,7.0403,98.857
apical,ZtSH2,-1,7.1557,103.678
apical,ZtSH2,-1,7.2711,98.247
apical,ZtSH2,-1,7.3866,102.034
apical,ZtSH2,-1,7.502,104.553
apical,ZtSH2,-1,7.6174,107.34
apical,ZtSH2,-1,7.7328,107.702
apical,ZtSH2,-1,7.8482,105.087
apical,ZtSH2,-1,7.9636,107.74
apical,ZtSH2,-1,8.0791,113.014
apical,ZtSH2,-1,8.1945,111.274
apical,ZtSH2,-1,8.3099,112.69
apical,ZtSH2,-1,8.4253,104.42
apical,ZtSH2,-1,8.5407,120.36
apical,ZtSH2,-1,8.6561,110.011
apical,ZtSH2,-1,8.7715,112.166
apical,ZtSH2,-1,8.887,112.359
apical,ZtSH2,-1,9.0024,119.086
apical,ZtSH2,-1,9.1178,128.379
apical,ZtSH2,-1,9.2332,128.02
apical,ZtSH2,-1,9.3486,129.995
apical,ZtSH2,-1,9.464,122.549
apical,ZtSH2,-1,9.5794,123.337
apical,ZtSH2,-1,9.6949,119.751
apical,ZtSH2,-1,9.8103,126.566
apical,ZtSH2,-1,9.9257,131.483
apical,ZtSH2,-1,10.0411,128.98
apical,ZtSH2,-1,10.1565,121.242
apical,ZtSH2,-1,10.2719,130.428
apical,ZtSH2,-1,10.3874,127.664
apical,ZtSH2,-1,10.5028,130.929
apical,ZtSH2,-1,10.6182,131.114
apical,ZtSH2,-1,10.7336,125.229
apical,ZtSH2,-1,10.849,137.8
apical,ZtSH2,-1,10.9644,131.041
apical,ZtSH2,-1,11.0798,141.408
apical,ZtSH2,-1,11.1953,139.642
apical,ZtSH2,-1,11.3107,133.194
apical,ZtSH2,-1,11.4261,136.822
apical,ZtSH2,-1,11.5415,140.794
apical,ZtSH2,-1,11.6569,132.488
apical,ZtSH2,-1,11.7723,133.221
apical,ZtSH2,-1,11.8878,133.609
apical,ZtSH2,-1,12.0032,136.181
apical,ZtSH2,-1,12.1186,140.508
apical,ZtSH2,-1,12.234,145.78
apical,ZtSH2,-1,12.3494,143.808
apical,ZtSH2,-1,12.4648,145.62
apical,ZtSH2,-1,12.5802,137.084
apical,ZtSH2,-1,12.6957,143.66
apical,ZtSH2,-1,12.8111,139.022
apical,ZtSH2,-1,12.9265,148.666
apical,ZtSH2,-1,13.0419,148.106
apical,ZtSH2,-1,13.1573,139.228
apical,ZtSH2,-1,13.2727,144.189
apical,ZtSH2,-1,13.3881,140.325
apical,ZtSH2,-1,13.5036,134.142
apical,ZtSH2,-1,13.619,134.356
apical,ZtSH2,-1,13.7344,144.551
apical,ZtSH2,-1,13.8498,137.806
apical,ZtSH2,-1,13.9652,140.272
apical,ZtSH2,-1,14.0806,142.261
apical,ZtSH2,-1,14.1961,142.111
apical,ZtSH2,-1,14.3115,141.956
apical,ZtSH2,-1,14.4269,148.545
apical,ZtSH2,-1,14.5423,149.592
apical,EGFR,-1,0,3.1604
apical,EGFR,-1,0.1154,1.7241
apical,EGFR,-1,0.2308,1.8159
apical,EGFR,-1,0.3462,3.9841
apical,EGFR,-1,0.4617,2.5529
apical,EGFR,-1,0.5771,2.6628
apical,EGFR,-1,0.6925,3.7526
apical,EGFR,-1,0.8079,2.8492
apical,EGFR,-1,0.9233,2.7386
apical,EGFR,-1,1.0387,3.1391
apical,EGFR,-1,1.1542,2.429
apical,EGFR,-1,1.2696,7.6939
apical,EGFR,-1,1.385,3.9738
apical,EGFR,-1,1.5004,3.6874
apical,EGFR,-1,1.6158,4.5835
apical,EGFR,-1,1.7312,3.4358
apical,EGFR,-1,1.8466,5.2453
apical,EGFR,-1,1.9621,6.7201
apical,EGFR,-1,2.0775,5.5884
apical,EGFR,-1,2.1929,5.3445
apical,EGFR,-1,2.3083,3.8563
apical,EGFR,-1,2.4237,3.0928
apical,EGFR,-1,2.5391,5.1942
apical,EGFR,-1,2.6545,4.8281
apical,EGFR,-1,2.77,4.8851
apical,EGFR,-1,2.8854,5.1164
apical,EGFR,-1,3.0008,4.4618
apical,EGFR,-1,3.1162,4.4196
apical,EGFR,-1,3.2316,5.3959
apical,EGFR,-1,3.347,8.0392
apical,EGFR,-1,3.4625,11.545
apical,EGFR,-1,3.5779,7.537
apical,EGFR,-1,3.6933,8.9955
apical,EGFR,-1,3.8087,12.1812
apical,EGFR,-1,3.9241,11.405
apical,EGFR,-1,4.0395,15.0243
apical,EGFR,-1,4.1549,23.6346
apical,EGFR,-1,4.2704,24.4659
apical,EGFR,-1,4.3858,22.6411
apical,EGFR,-1,4.5012,29.7339
apical,EGFR,-1,4.6166,29.2542
apical,EGFR,-1,4.732,34.0628
apical,EGFR,-1,4.8474,35.6002
apical,EGFR,-1,4.9628,46.992
apical,EGFR,-1,5.0783,58.7554
apical,EGFR,-1,5.1937,64.1696
apical,EGFR,-1,5.3091,74.0766
apical,EGFR,-1,5.4245,76.2248
apical,EGFR,-1,5.5399,83.5165
apical,EGFR,-1,5.6553,81.3753
apical,EGFR,-1,5.7708,78.6461
apical,EGFR,-1,5.8862,75.0603
apical,EGFR,-1,6.0016,81.154
apical,EGFR,-1,6.117,81.8001
apical,EGFR,-1,6.2324,76.3815
apical,EGFR,-1,6.3478,68.0959
apical,EGFR,-1,6.4632,68.91
apical,EGFR,-1,6.5787,68.6729
apical,EGFR,-1,6.6941,63.9099
apical,EGFR,-1,6.8095,58.6688
apical,EGFR,-1,6.9249,58.9841
apical,EGFR,-1,7.0403,56.7787
apical,EGFR,-1,7.1557,61.8859
apical,EGFR,-1,7.2711,55.0214
apical,EGFR,-1,7.3866,55.4823
apical,EGFR,-1,7.502,58.7325
apical,EGFR,-1,7.6174,51.718
apical,EGFR,-1,7.7328,50.7975
apical,EGFR,-1,7.8482,48.5976
apical,EGFR,-1,7.9636,49.693
apical,EGFR,-1,8.0791,56.288
apical,EGFR,-1,8.1945,55.9406
apical,EGFR,-1,8.3099,50.1313
apical,EGFR,-1,8.4253,50.9727
apical,EGFR,-1,8.5407,53.323
apical,EGFR,-1,8.6561,53.6639
apical,EGFR,-1,8.7715,58.3651
apical,EGFR,-1,8.887,58.8125
apical,EGFR,-1,9.0024,58.8969
apical,EGFR,-1,9.1178,60.3672
apical,EGFR,-1,9.2332,62.2224
apical,EGFR,-1,9.3486,55.7708
apical,EGFR,-1,9.464,54.4242
apical,EGFR,-1,9.5794,55.2617
apical,EGFR,-1,9.6949,55.4763
apical,EGFR,-1,9.8103,41.5837
apical,EGFR,-1,9.9257,41.7612
apical,EGFR,-1,10.0411,42.7459
apical,EGFR,-1,10.1565,42.6451
apical,EGFR,-1,10.2719,39.913
apical,EGFR,-1,10.3874,37.513
apical,EGFR,-1,10.5028,33.3173
apical,EGFR,-1,10.6182,31.4605
apical,EGFR,-1,10.7336,37.7395
apical,EGFR,-1,10.849,37.6918
apical,EGFR,-1,10.9644,37.775
apical,EGFR,-1,11.0798,37.5221
apical,EGFR,-1,11.1953,35.1451
apical,EGFR,-1,11.3107,33.2043
apical,EGFR,-1,11.4261,31.3949
apical,EGFR,-1,11.5415,33.9322
apical,EGFR,-1,11.6569,35.9557
apical,EGFR,-1,11.7723,32.579
apical,EGFR,-1,11.8878,34.257
apical,EGFR,-1,12.0032,38.9056
apical,EGFR,-1,12.1186,35.8667
apical,EGFR,-1,12.234,38.5484
apical,EGFR,-1,12.3494,38.5583
apical,EGFR,-1,12.4648,40.3344
apical,EGFR,-1,12.5802,39.809
apical,EGFR,-1,12.6957,40.4123
apical,EGFR,-1,12.8111,39.1143
apical,EGFR,-1,12.9265,36.3206
apical,EGFR,-1,13.0419,42.8651
apical,EGFR,-1,13.1573,39.2089
apical,EGFR,-1,13.2727,35.431
apical,EGFR,-1,13.3881,40.2821
apical,EGFR,-1,13.5036,34.9926
apical,EGFR,-1,13.619,36.9589
apical,EGFR,-1,13.7344,39.9098
apical,EGFR,-1,13.8498,39.4813
apical,EGFR,-1,13.9652,44.7132
apical,EGFR,-1,14.0806,42.1341
apical,EGFR,-1,14.1961,37.6293
apical,EGFR,-1,14.3115,42.0972
apical,EGFR,-1,14.4269,43.9978
apical,EGFR,-1,14.5423,39.2685
apical,ZtSH2,6,0,2.837
apical,ZtSH2,6,0.1154,3.656
apical,ZtSH2,6,0.2308,4.125
apical,ZtSH2,6,0.3462,5.983
apical,ZtSH2,6,0.4617,4.069
apical,ZtSH2,6,0.5771,3.219
apical,ZtSH2,6,0.6925,3.748
apical,ZtSH2,6,0.8079,4.351
apical,ZtSH2,6,0.9233,2.794
apical,ZtSH2,6,1.0387,2.45
apical,ZtSH2,6,1.1542,3.415
apical,ZtSH2,6,1.2696,5.624
apical,ZtSH2,6,1.385,3.908
apical,ZtSH2,6,1.5004,2.674
apical,ZtSH2,6,1.6158,3.085
apical,ZtSH2,6,1.7312,2.755
apical,ZtSH2,6,1.8466,2.94
apical,ZtSH2,6,1.9621,5.535
apical,ZtSH2,6,2.0775,5.518
apical,ZtSH2,6,2.1929,3.702
apical,ZtSH2,6,2.3083,2.704
apical,ZtSH2,6,2.4237,3.922
apical,ZtSH2,6,2.5391,2.904
apical,ZtSH2,6,2.6545,2.361
apical,ZtSH2,6,2.77,3.652
apical,ZtSH2,6,2.8854,3.536
apical,ZtSH2,6,3.0008,2.412
apical,ZtSH2,6,3.1162,2.691
apical,ZtSH2,6,3.2316,4.342
apical,ZtSH2,6,3.347,2.103
apical,ZtSH2,6,3.4625,4.066
apical,ZtSH2,6,3.5779,3.303
apical,ZtSH2,6,3.6933,3.755
apical,ZtSH2,6,3.8087,7.118
apical,ZtSH2,6,3.9241,11.178
apical,ZtSH2,6,4.0395,14.105
apical,ZtSH2,6,4.1549,12.188
apical,ZtSH2,6,4.2704,12.786
apical,ZtSH2,6,4.3858,17.096
apical,ZtSH2,6,4.5012,18.072
apical,ZtSH2,6,4.6166,25.302
apical,ZtSH2,6,4.732,34.61
apical,ZtSH2,6,4.8474,50.059
apical,ZtSH2,6,4.9628,61.345
apical,ZtSH2,6,5.0783,72.353
apical,ZtSH2,6,5.1937,93.595
apical,ZtSH2,6,5.3091,108.953
apical,ZtSH2,6,5.4245,117.633
apical,ZtSH2,6,5.5399,136.373
apical,ZtSH2,6,5.6553,156.983
apical,ZtSH2,6,5.7708,168.603
apical,ZtSH2,6,5.8862,175.874
apical,ZtSH2,6,6.0016,184.754
apical,ZtSH2,6,6.117,192.587
apical,ZtSH2,6,6.2324,194.838
apical,ZtSH2,6,6.3478,188.185
apical,ZtSH2,6,6.4632,186.021
apical,ZtSH2,6,6.5787,189.464
apical,ZtSH2,6,6.6941,176.031
apical,ZtSH2,6,6.8095,164.204
apical,ZtSH2,6,6.9249,163.394
apical,ZtSH2,6,7.0403,158.993
apical,ZtSH2,6,7.1557,161.951
apical,ZtSH2,6,7.2711,158.703
apical,ZtSH2,6,7.3866,161.351
apical,ZtSH2,6,7.502,152.209
apical,ZtSH2,6,7.6174,136.721
apical,ZtSH2,6,7.7328,127.818
apical,ZtSH2,6,7.8482,117.64
apical,ZtSH2,6,7.9636,116.306
apical,ZtSH2,6,8.0791,109.239
apical,ZtSH2,6,8.1945,96.586
apical,ZtSH2,6,8.3099,90.186
apical,ZtSH2,6,8.4253,76.388
apical,ZtSH2,6,8.5407,83.923
apical,ZtSH2,6,8.6561,73.095
apical,ZtSH2,6,8.7715,69.528
apical,ZtSH2,6,8.887,70.474
apical,ZtSH2,6,9.0024,64.117
apical,ZtSH2,6,9.1178,65.456
apical,ZtSH2,6,9.2332,63.37
apical,ZtSH2,6,9.3486,56.482
apical,ZtSH2,6,9.464,52.923
apical,ZtSH2,6,9.5794,52.209
apical,ZtSH2,6,9.6949,54.822
apical,ZtSH2,6,9.8103,52.84
apical,ZtSH2,6,9.9257,56.587
apical,ZtSH2,6,10.0411,53.451
apical,ZtSH2,6,10.1565,47.967
apical,ZtSH2,6,10.2719,48.472
apical,ZtSH2,6,10.3874,52.997
apical,ZtSH2,6,10.5028,48.188
apical,ZtSH2,6,10.6182,51.005
apical,ZtSH2,6,10.7336,53.358
apical,ZtSH2,6,10.849,50.5
apical,ZtSH2,6,10.9644,51.152
apical,ZtSH2,6,11.0798,53.109
apical,ZtSH2,6,11.1953,54.636
apical,ZtSH2,6,11.3107,56.178
apical,ZtSH2,6,11.4261,53.557
apical,ZtSH2,6,11.5415,55.002
apical,ZtSH2,6,11.6569,61.959
apical,ZtSH2,6,11.7723,53.335
apical,ZtSH2,6,11.8878,53.163
apical,ZtSH2,6,12.0032,57.2
apical,ZtSH2,6,12.1186,57.195
apical,ZtSH2,6,12.234,57.357
apical,ZtSH2,6,12.3494,54.113
apical,ZtSH2,6,12.4648,60.726
apical,ZtSH2,6,12.5802,63.903
apical,ZtSH2,6,12.6957,66.321
apical,ZtSH2,6,12.8111,55.601
apical,ZtSH2,6,12.9265,58.862
apical,ZtSH2,6,13.0419,63.166
apical,ZtSH2,6,13.1573,62.744
apical,ZtSH2,6,13.2727,56.351
apical,ZtSH2,6,13.3881,64.663
apical,ZtSH2,6,13.5036,63.143
apical,ZtSH2,6,13.619,64.649
apical,ZtSH2,6,13.7344,72.756
apical,ZtSH2,6,13.8498,77.386
apical,ZtSH2,6,13.9652,76.893
apical,ZtSH2,6,14.0806,63.83
apical,ZtSH2,6,14.1961,74.681
apical,ZtSH2,6,14.3115,76.345
apical,ZtSH2,6,14.4269,71.501
apical,ZtSH2,6,14.5423,68.746
apical,EGFR,6,0,1.796
apical,EGFR,6,0.1154,3.756
apical,EGFR,6,0.2308,4.039
apical,EGFR,6,0.3462,3.023
apical,EGFR,6,0.4617,2.351
apical,EGFR,6,0.5771,3.163
apical,EGFR,6,0.6925,3.174
apical,EGFR,6,0.8079,3.536
apical,EGFR,6,0.9233,4.372
apical,EGFR,6,1.0387,3.165
apical,EGFR,6,1.1542,2.732
apical,EGFR,6,1.2696,4.424
apical,EGFR,6,1.385,1.8
apical,EGFR,6,1.5004,1.953
apical,EGFR,6,1.6158,2.768
apical,EGFR,6,1.7312,3.976
apical,EGFR,6,1.8466,3.647
apical,EGFR,6,1.9621,3.971
apical,EGFR,6,2.0775,3.684
apical,EGFR,6,2.1929,3.673
apical,EGFR,6,2.3083,6.273
apical,EGFR,6,2.4237,4.45
apical,EGFR,6,2.5391,5.741
apical,EGFR,6,2.6545,4.201
apical,EGFR,6,2.77,3.42
apical,EGFR,6,2.8854,3.528
apical,EGFR,6,3.0008,3.43
apical,EGFR,6,3.1162,3.556
apical,EGFR,6,3.2316,2.78
apical,EGFR,6,3.347,2.743
apical,EGFR,6,3.4625,4.487
apical,EGFR,6,3.5779,5.545
apical,EGFR,6,3.6933,3.439
apical,EGFR,6,3.8087,3.073
apical,EGFR,6,3.9241,6.423
apical,EGFR,6,4.0395,8.124
apical,EGFR,6,4.1549,7.812
apical,EGFR,6,4.2704,10.38
apical,EGFR,6,4.3858,11.814
apical,EGFR,6,4.5012,13.985
apical,EGFR,6,4.6166,15.271
apical,EGFR,6,4.732,26.302
apical,EGFR,6,4.8474,43.007
apical,EGFR,6,4.9628,50.844
apical,EGFR,6,5.0783,66.135
apical,EGFR,6,5.1937,76.977
apical,EGFR,6,5.3091,84.636
apical,EGFR,6,5.4245,103.801
apical,EGFR,6,5.5399,106.274
apical,EGFR,6,5.6553,116.838
apical,EGFR,6,5.7708,126.574
apical,EGFR,6,5.8862,140.449
apical,EGFR,6,6.0016,149.637
apical,EGFR,6,6.117,133.858
apical,EGFR,6,6.2324,134.389
apical,EGFR,6,6.3478,139.818
apical,EGFR,6,6.4632,145.905
apical,EGFR,6,6.5787,140.378
apical,EGFR,6,6.6941,134.783
apical,EGFR,6,6.8095,141.77
apical,EGFR,6,6.9249,140.053
apical,EGFR,6,7.0403,142.074
apical,EGFR,6,7.1557,148.54
apical,EGFR,6,7.2711,152.191
apical,EGFR,6,7.3866,147.103
apical,EGFR,6,7.502,147.714
apical,EGFR,6,7.6174,133.992
apical,EGFR,6,7.7328,116.344
apical,EGFR,6,7.8482,115.078
apical,EGFR,6,7.9636,106.863
apical,EGFR,6,8.0791,108.634
apical,EGFR,6,8.1945,102.588
apical,EGFR,6,8.3099,96.87
apical,EGFR,6,8.4253,94.427
apical,EGFR,6,8.5407,95.278
apical,EGFR,6,8.6561,85.678
apical,EGFR,6,8.7715,78.608
apical,EGFR,6,8.887,85.449
apical,EGFR,6,9.0024,81.922
apical,EGFR,6,9.1178,76.089
apical,EGFR,6,9.2332,75.281
apical,EGFR,6,9.3486,73.697
apical,EGFR,6,9.464,74.112
apical,EGFR,6,9.5794,71.425
apical,EGFR,6,9.6949,76.448
apical,EGFR,6,9.8103,80.016
apical,EGFR,6,9.9257,74.268
apical,EGFR,6,10.0411,80.291
apical,EGFR,6,10.1565,78.901
apical,EGFR,6,10.2719,77.961
apical,EGFR,6,10.3874,72.503
apical,EGFR,6,10.5028,62.856
apical,EGFR,6,10.6182,60.497
apical,EGFR,6,10.7336,58.376
apical,EGFR,6,10.849,55.945
apical,EGFR,6,10.9644,56.535
apical,EGFR,6,11.0798,60.193
apical,EGFR,6,11.1953,59.435
apical,EGFR,6,11.3107,54.391
apical,EGFR,6,11.4261,48.715
apical,EGFR,6,11.5415,40.749
apical,EGFR,6,11.6569,39.841
apical,EGFR,6,11.7723,36.297
apical,EGFR,6,11.8878,35.73
apical,EGFR,6,12.0032,38.797
apical,EGFR,6,12.1186,33.008
apical,EGFR,6,12.234,30.62
apical,EGFR,6,12.3494,32.285
apical,EGFR,6,12.4648,35.506
apical,EGFR,6,12.5802,34.479
apical,EGFR,6,12.6957,33.124
apical,EGFR,6,12.8111,32.167
apical,EGFR,6,12.9265,31.86
apical,EGFR,6,13.0419,34.37
apical,EGFR,6,13.1573,34.546
apical,EGFR,6,13.2727,30.584
apical,EGFR,6,13.3881,34.698
apical,EGFR,6,13.5036,37.093
apical,EGFR,6,13.619,37.779
apical,EGFR,6,13.7344,35.382
apical,EGFR,6,13.8498,37.858
apical,EGFR,6,13.9652,38.163
apical,EGFR,6,14.0806,38.456
apical,EGFR,6,14.1961,40.244
apical,EGFR,6,14.3115,37.358
apical,EGFR,6,14.4269,39.762
apical,EGFR,6,14.5423,45.844
apical,ZtSH2,11,0,2.29
apical,ZtSH2,11,0.1154,1.856
apical,ZtSH2,11,0.2308,4.289
apical,ZtSH2,11,0.3462,1.677
apical,ZtSH2,11,0.4617,4.009
apical,ZtSH2,11,0.5771,2.366
apical,ZtSH2,11,0.6925,4.027
apical,ZtSH2,11,0.8079,3.558
apical,ZtSH2,11,0.9233,2.127
apical,ZtSH2,11,1.0387,2.263
apical,ZtSH2,11,1.1542,2.982
apical,ZtSH2,11,1.2696,2.36
apical,ZtSH2,11,1.385,2.861
apical,ZtSH2,11,1.5004,2.964
apical,ZtSH2,11,1.6158,2.857
apical,ZtSH2,11,1.7312,2.823
apical,ZtSH2,11,1.8466,4.049
apical,ZtSH2,11,1.9621,3.084
apical,ZtSH2,11,2.0775,4.653
apical,ZtSH2,11,2.1929,3.365
apical,ZtSH2,11,2.3083,4.414
apical,ZtSH2,11,2.4237,4.081
apical,ZtSH2,11,2.5391,2.646
apical,ZtSH2,11,2.6545,5.088
apical,ZtSH2,11,2.77,7.084
apical,ZtSH2,11,2.8854,6.3
apical,ZtSH2,11,3.0008,7.546
apical,ZtSH2,11,3.1162,3.181
apical,ZtSH2,11,3.2316,4.337
apical,ZtSH2,11,3.347,6.424
apical,ZtSH2,11,3.4625,4.651
apical,ZtSH2,11,3.5779,6.738
apical,ZtSH2,11,3.6933,7.104
apical,ZtSH2,11,3.8087,11.666
apical,ZtSH2,11,3.9241,14.402
apical,ZtSH2,11,4.0395,17.161
apical,ZtSH2,11,4.1549,21.821
apical,ZtSH2,11,4.2704,26.714
apical,ZtSH2,11,4.3858,30.14
apical,ZtSH2,11,4.5012,42.926
apical,ZtSH2,11,4.6166,52.267
apical,ZtSH2,11,4.732,68.307
apical,ZtSH2,11,4.8474,73.19
apical,ZtSH2,11,4.9628,83.234
apical,ZtSH2,11,5.0783,99.899
apical,ZtSH2,11,5.1937,117.544
apical,ZtSH2,11,5.3091,128.1
apical,ZtSH2,11,5.4245,143.923
apical,ZtSH2,11,5.5399,145.888
apical,ZtSH2,11,5.6553,144.183
apical,ZtSH2,11,5.7708,152.699
apical,ZtSH2,11,5.8862,148.302
apical,ZtSH2,11,6.0016,156.437
apical,ZtSH2,11,6.117,150.36
apical,ZtSH2,11,6.2324,156.645
apical,ZtSH2,11,6.3478,161.088
apical,ZtSH2,11,6.4632,162.646
apical,ZtSH2,11,6.5787,154.318
apical,ZtSH2,11,6.6941,157.085
apical,ZtSH2,11,6.8095,164.003
apical,ZtSH2,11,6.9249,157.851
apical,ZtSH2,11,7.0403,150.921
apical,ZtSH2,11,7.1557,146.145
apical,ZtSH2,11,7.2711,143.362
apical,ZtSH2,11,7.3866,134.861
apical,ZtSH2,11,7.502,125.424
apical,ZtSH2,11,7.6174,123.939
apical,ZtSH2,11,7.7328,126.632
apical,ZtSH2,11,7.8482,122.094
apical,ZtSH2,11,7.9636,114.458
apical,ZtSH2,11,8.0791,111.26
apical,ZtSH2,11,8.1945,108.098
apical,ZtSH2,11,8.3099,110.66
apical,ZtSH2,11,8.4253,104.309
apical,ZtSH2,11,8.5407,105.581
apical,ZtSH2,11,8.6561,100.165
apical,ZtSH2,11,8.7715,95.603
apical,ZtSH2,11,8.887,83.55
apical,ZtSH2,11,9.0024,81.639
apical,ZtSH2,11,9.1178,82.049
apical,ZtSH2,11,9.2332,89.644
apical,ZtSH2,11,9.3486,83.222
apical,ZtSH2,11,9.464,77.493
apical,ZtSH2,11,9.5794,70.888
apical,ZtSH2,11,9.6949,75.995
apical,ZtSH2,11,9.8103,67.558
apical,ZtSH2,11,9.9257,67.687
apical,ZtSH2,11,10.0411,68.107
apical,ZtSH2,11,10.1565,56.902
apical,ZtSH2,11,10.2719,62.431
apical,ZtSH2,11,10.3874,63.225
apical,ZtSH2,11,10.5028,63.151
apical,ZtSH2,11,10.6182,58.511
apical,ZtSH2,11,10.7336,57.97
apical,ZtSH2,11,10.849,60.955
apical,ZtSH2,11,10.9644,62.408
apical,ZtSH2,11,11.0798,57.511
apical,ZtSH2,11,11.1953,57.654
apical,ZtSH2,11,11.3107,62.061
apical,ZtSH2,11,11.4261,52.469
apical,ZtSH2,11,11.5415,58.435
apical,ZtSH2,11,11.6569,64.906
apical,ZtSH2,11,11.7723,61.995
apical,ZtSH2,11,11.8878,63.21
apical,ZtSH2,11,12.0032,62.325
apical,ZtSH2,11,12.1186,56.091
apical,ZtSH2,11,12.234,55.904
apical,ZtSH2,11,12.3494,59.297
apical,ZtSH2,11,12.4648,54.822
apical,ZtSH2,11,12.5802,56.096
apical,ZtSH2,11,12.6957,57.115
apical,ZtSH2,11,12.8111,59.734
apical,ZtSH2,11,12.9265,53.684
apical,ZtSH2,11,13.0419,58.476
apical,ZtSH2,11,13.1573,55.736
apical,ZtSH2,11,13.2727,63.251
apical,ZtSH2,11,13.3881,61.55
apical,ZtSH2,11,13.5036,64.751
apical,ZtSH2,11,13.619,65.872
apical,ZtSH2,11,13.7344,60.881
apical,ZtSH2,11,13.8498,62.904
apical,ZtSH2,11,13.9652,62.049
apical,ZtSH2,11,14.0806,60.13
apical,ZtSH2,11,14.1961,57.026
apical,ZtSH2,11,14.3115,61.772
apical,ZtSH2,11,14.4269,63.608
apical,ZtSH2,11,14.5423,66.346
apical,EGFR,11,0,3.106
apical,EGFR,11,0.1154,2.228
apical,EGFR,11,0.2308,2.065
apical,EGFR,11,0.3462,2.718
apical,EGFR,11,0.4617,4.651
apical,EGFR,11,0.5771,3.637
apical,EGFR,11,0.6925,1.535
apical,EGFR,11,0.8079,2.945
apical,EGFR,11,0.9233,2.488
apical,EGFR,11,1.0387,2.662
apical,EGFR,11,1.1542,3.061
apical,EGFR,11,1.2696,4.048
apical,EGFR,11,1.385,3.437
apical,EGFR,11,1.5004,1.738
apical,EGFR,11,1.6158,3.27
apical,EGFR,11,1.7312,5.118
apical,EGFR,11,1.8466,4.475
apical,EGFR,11,1.9621,1.637
apical,EGFR,11,2.0775,1.306
apical,EGFR,11,2.1929,2.198
apical,EGFR,11,2.3083,2.573
apical,EGFR,11,2.4237,1.548
apical,EGFR,11,2.5391,3.547
apical,EGFR,11,2.6545,4.243
apical,EGFR,11,2.77,3.286
apical,EGFR,11,2.8854,3.577
apical,EGFR,11,3.0008,5.932
apical,EGFR,11,3.1162,4.852
apical,EGFR,11,3.2316,6.212
apical,EGFR,11,3.347,4.321
apical,EGFR,11,3.4625,9.299
apical,EGFR,11,3.5779,6.626
apical,EGFR,11,3.6933,11.542
apical,EGFR,11,3.8087,8.87
apical,EGFR,11,3.9241,9.975
apical,EGFR,11,4.0395,14.74
apical,EGFR,11,4.1549,17.596
apical,EGFR,11,4.2704,20.624
apical,EGFR,11,4.3858,31.562
apical,EGFR,11,4.5012,37.74
apical,EGFR,11,4.6166,47.917
apical,EGFR,11,4.732,52.079
apical,EGFR,11,4.8474,67.325
apical,EGFR,11,4.9628,72.637
apical,EGFR,11,5.0783,80.796
apical,EGFR,11,5.1937,82.551
apical,EGFR,11,5.3091,100.66
apical,EGFR,11,5.4245,102.972
apical,EGFR,11,5.5399,119.306
apical,EGFR,11,5.6553,111.469
apical,EGFR,11,5.7708,119.746
apical,EGFR,11,5.8862,127.357
apical,EGFR,11,6.0016,130.132
apical,EGFR,11,6.117,130.131
apical,EGFR,11,6.2324,136.826
apical,EGFR,11,6.3478,133.466
apical,EGFR,11,6.4632,131.639
apical,EGFR,11,6.5787,128.008
apical,EGFR,11,6.6941,124.932
apical,EGFR,11,6.8095,136.731
apical,EGFR,11,6.9249,127.879
apical,EGFR,11,7.0403,113.796
apical,EGFR,11,7.1557,128.234
apical,EGFR,11,7.2711,120.601
apical,EGFR,11,7.3866,121.858
apical,EGFR,11,7.502,121.642
apical,EGFR,11,7.6174,122.993
apical,EGFR,11,7.7328,122.132
apical,EGFR,11,7.8482,113.749
apical,EGFR,11,7.9636,115.577
apical,EGFR,11,8.0791,112.005
apical,EGFR,11,8.1945,114.547
apical,EGFR,11,8.3099,105.781
apical,EGFR,11,8.4253,99.467
apical,EGFR,11,8.5407,98.665
apical,EGFR,11,8.6561,96.686
apical,EGFR,11,8.7715,93.9
apical,EGFR,11,8.887,78.301
apical,EGFR,11,9.0024,88.092
apical,EGFR,11,9.1178,91.997
apical,EGFR,11,9.2332,91.695
apical,EGFR,11,9.3486,84.494
apical,EGFR,11,9.464,81.4
apical,EGFR,11,9.5794,75.4
apical,EGFR,11,9.6949,78.024
apical,EGFR,11,9.8103,70.463
apical,EGFR,11,9.9257,63.47
apical,EGFR,11,10.0411,68.328
apical,EGFR,11,10.1565,67.163
apical,EGFR,11,10.2719,60.564
apical,EGFR,11,10.3874,55.596
apical,EGFR,11,10.5028,47.562
apical,EGFR,11,10.6182,48.214
apical,EGFR,11,10.7336,56.414
apical,EGFR,11,10.849,55.983
apical,EGFR,11,10.9644,51.865
apical,EGFR,11,11.0798,46.03
apical,EGFR,11,11.1953,48
apical,EGFR,11,11.3107,50.039
apical,EGFR,11,11.4261,47.583
apical,EGFR,11,11.5415,44.669
apical,EGFR,11,11.6569,41.842
apical,EGFR,11,11.7723,45.995
apical,EGFR,11,11.8878,40.043
apical,EGFR,11,12.0032,46.068
apical,EGFR,11,12.1186,35.964
apical,EGFR,11,12.234,36.052
apical,EGFR,11,12.3494,35.984
apical,EGFR,11,12.4648,34.318
apical,EGFR,11,12.5802,32.361
apical,EGFR,11,12.6957,31.944
apical,EGFR,11,12.8111,31.018
apical,EGFR,11,12.9265,34.696
apical,EGFR,11,13.0419,34.7
apical,EGFR,11,13.1573,31.792
apical,EGFR,11,13.2727,31.306
apical,EGFR,11,13.3881,37.756
apical,EGFR,11,13.5036,36.768
apical,EGFR,11,13.619,38.676
apical,EGFR,11,13.7344,38.158
apical,EGFR,11,13.8498,32.834
apical,EGFR,11,13.9652,34.621
apical,EGFR,11,14.0806,32.202
apical,EGFR,11,14.1961,34.268
apical,EGFR,11,14.3115,34.094
apical,EGFR,11,14.4269,34.607
apical,EGFR,11,14.5423,35.139
lateral,ZtSH2,-1,0,130.9395
lateral,ZtSH2,-1,0.1154,140.62
lateral,ZtSH2,-1,0.2308,131.2668
lateral,ZtSH2,-1,0.3462,139.3755
lateral,ZtSH2,-1,0.4617,131.5207
lateral,ZtSH2,-1,0.5771,130.5568
lateral,ZtSH2,-1,0.6925,131.0096
lateral,ZtSH2,-1,0.8079,134.0521
lateral,ZtSH2,-1,0.9233,132.7513
lateral,ZtSH2,-1,1.0387,128.7868
lateral,ZtSH2,-1,1.1542,120.727
lateral,ZtSH2,-1,1.2696,128.7676
lateral,ZtSH2,-1,1.385,126.1026
lateral,ZtSH2,-1,1.5004,128.139
lateral,ZtSH2,-1,1.6158,124.4795
lateral,ZtSH2,-1,1.7312,125.0846
lateral,ZtSH2,-1,1.8466,120.376
lateral,ZtSH2,-1,1.9621,128.1797
lateral,ZtSH2,-1,2.0775,125.7633
lateral,ZtSH2,-1,2.1929,124.9574
lateral,ZtSH2,-1,2.3083,132.3264
lateral,ZtSH2,-1,2.4237,127.4341
lateral,ZtSH2,-1,2.5391,123.2232
lateral,ZtSH2,-1,2.6545,128.2894
lateral,ZtSH2,-1,2.77,128.0926
lateral,ZtSH2,-1,2.8854,123.9822
lateral,ZtSH2,-1,3.0008,125.152
lateral,ZtSH2,-1,3.1162,130.6752
lateral,ZtSH2,-1,3.2316,125.228
lateral,ZtSH2,-1,3.347,133.6817
lateral,ZtSH2,-1,3.4625,127.6275
lateral,ZtSH2,-1,3.5779,126.9715
lateral,ZtSH2,-1,3.6933,134.3842
lateral,ZtSH2,-1,3.8087,129.1526
lateral,ZtSH2,-1,3.9241,131.2604
lateral,ZtSH2,-1,4.0395,125.0873
lateral,ZtSH2,-1,4.1549,126.6734
lateral,ZtSH2,-1,4.2704,130.6983
lateral,ZtSH2,-1,4.3858,128.9095
lateral,ZtSH2,-1,4.5012,130.6964
lateral,ZtSH2,-1,4.6166,129.1387
lateral,ZtSH2,-1,4.732,129.4113
lateral,ZtSH2,-1,4.8474,124.9673
lateral,ZtSH2,-1,4.9628,131.5934
lateral,ZtSH2,-1,5.0783,136.2486
lateral,ZtSH2,-1,5.1937,136.7087
lateral,ZtSH2,-1,5.3091,136.6228
lateral,ZtSH2,-1,5.4245,134.7264
lateral,ZtSH2,-1,5.5399,134.1704
lateral,ZtSH2,-1,5.6553,130.705
lateral,ZtSH2,-1,5.7708,128.4861
lateral,ZtSH2,-1,5.8862,133.2623
lateral,ZtSH2,-1,6.0016,146.5226
lateral,ZtSH2,-1,6.117,145.0091
lateral,ZtSH2,-1,6.2324,149.9043
lateral,ZtSH2,-1,6.3478,152.7899
lateral,ZtSH2,-1,6.4632,153.0108
lateral,ZtSH2,-1,6.5787,157.6231
lateral,ZtSH2,-1,6.6941,155.9733
lateral,ZtSH2,-1,6.8095,152.0061
lateral,ZtSH2,-1,6.9249,152.906
lateral,ZtSH2,-1,7.0403,136.2635
lateral,ZtSH2,-1,7.1557,145.0388
lateral,ZtSH2,-1,7.2711,146.0949
lateral,ZtSH2,-1,7.3866,147.7462
lateral,ZtSH2,-1,7.502,153.8138
lateral,ZtSH2,-1,7.6174,143.3481
lateral,ZtSH2,-1,7.7328,157.6609
lateral,ZtSH2,-1,7.8482,152.7853
lateral,ZtSH2,-1,7.9636,143.254
lateral,ZtSH2,-1,8.0791,139.6927
lateral,ZtSH2,-1,8.1945,146.1246
lateral,ZtSH2,-1,8.3099,145.1528
lateral,ZtSH2,-1,8.4253,152.7286
lateral,ZtSH2,-1,8.5407,154.3531
lateral,ZtSH2,-1,8.6561,152.5563
lateral,ZtSH2,-1,8.7715,141.3824
lateral,ZtSH2,-1,8.887,136.2652
lateral,ZtSH2,-1,9.0024,141.2813
lateral,ZtSH2,-1,9.1178,134.2739
lateral,ZtSH2,-1,9.2332,138.0137
lateral,ZtSH2,-1,9.3486,135.6231
lateral,ZtSH2,-1,9.464,127.7411
lateral,ZtSH2,-1,9.5794,135.2278
lateral,ZtSH2,-1,9.6949,136.479
lateral,ZtSH2,-1,9.8103,133.2151
lateral,ZtSH2,-1,9.9257,119.3461
lateral,ZtSH2,-1,10.0411,125.6385
lateral,ZtSH2,-1,10.1565,136.541
lateral,ZtSH2,-1,10.2719,125.8922
lateral,ZtSH2,-1,10.3874,131.65
lateral,ZtSH2,-1,10.5028,126.6974
lateral,ZtSH2,-1,10.6182,125.187
lateral,ZtSH2,-1,10.7336,133.1368
lateral,ZtSH2,-1,10.849,135.8143
lateral,ZtSH2,-1,10.9644,133.4229
lateral,ZtSH2,-1,11.0798,132.5209
lateral,ZtSH2,-1,11.1953,133.2366
lateral,ZtSH2,-1,11.3107,137.0341
lateral,ZtSH2,-1,11.4261,134.332
lateral,ZtSH2,-1,11.5415,140.3592
lateral,ZtSH2,-1,11.6569,139.9545
lateral,ZtSH2,-1,11.7723,142.789
lateral,ZtSH2,-1,11.8878,145.5435
lateral,ZtSH2,-1,12.0032,144.7728
lateral,ZtSH2,-1,12.1186,152.5544
lateral,ZtSH2,-1,12.234,148.6372
lateral,ZtSH2,-1,12.3494,151.6744
lateral,ZtSH2,-1,12.4648,146.153
lateral,ZtSH2,-1,12.5802,146.1955
lateral,ZtSH2,-1,12.6957,141.9744
lateral,ZtSH2,-1,12.8111,141.4249
lateral,ZtSH2,-1,12.9265,148.5797
lateral,ZtSH2,-1,13.0419,139.7748
lateral,ZtSH2,-1,13.1573,137.0118
lateral,ZtSH2,-1,13.2727,138.4996
lateral,ZtSH2,-1,13.3881,140.6322
lateral,ZtSH2,-1,13.5036,140.7497
lateral,ZtSH2,-1,13.619,136.9613
lateral,ZtSH2,-1,13.7344,131.4005
lateral,ZtSH2,-1,13.8498,127.7412
lateral,ZtSH2,-1,13.9652,133.1459
lateral,ZtSH2,-1,14.0806,128.5695
lateral,ZtSH2,-1,14.1961,131.4702
lateral,ZtSH2,-1,14.3115,126.4905
lateral,ZtSH2,-1,14.4269,125.4467
lateral,ZtSH2,-1,14.5423,119.3894
lateral,ZtSH2,-1,14.6577,130.3866
lateral,ZtSH2,-1,14.7731,120.0507
lateral,ZtSH2,-1,14.8885,119.8763
lateral,ZtSH2,-1,15.004,115.6282
lateral,ZtSH2,-1,15.1194,111.8864
lateral,ZtSH2,-1,15.2348,112.2609
lateral,ZtSH2,-1,15.3502,114.925
lateral,ZtSH2,-1,15.4656,114.6805
lateral,ZtSH2,-1,15.581,110.3413
lateral,ZtSH2,-1,15.6964,113.1492
lateral,ZtSH2,-1,15.8119,110.8711
lateral,ZtSH2,-1,15.9273,109.7426
lateral,ZtSH2,-1,16.0427,105.1632
lateral,ZtSH2,-1,16.1581,102.7129
lateral,ZtSH2,-1,16.2735,108.4098
lateral,ZtSH2,-1,16.3889,113.0465
lateral,ZtSH2,-1,16.5044,105.6045
lateral,ZtSH2,-1,16.6198,105.3956
lateral,ZtSH2,-1,16.7352,108.1842
lateral,ZtSH2,-1,16.8506,111.1741
lateral,ZtSH2,-1,16.966,104.5534
lateral,ZtSH2,-1,17.0814,109.1993
lateral,ZtSH2,-1,17.1968,119.7001
lateral,ZtSH2,-1,17.3123,121.4226
lateral,ZtSH2,-1,17.4277,110.6371
lateral,ZtSH2,-1,17.5431,119.8288
lateral,ZtSH2,-1,17.6585,115.9402
lateral,ZtSH2,-1,17.7739,115.2586
lateral,ZtSH2,-1,17.8893,106.6014
lateral,ZtSH2,-1,18.0047,107.1698
lateral,ZtSH2,-1,18.1202,101.4888
lateral,ZtSH2,-1,18.2356,106.2059
lateral,ZtSH2,-1,18.351,105.7996
lateral,ZtSH2,-1,18.4664,108.3269
lateral,ZtSH2,-1,18.5818,110.5531
lateral,ZtSH2,-1,18.6972,115.2739
lateral,ZtSH2,-1,18.8127,112.1247
lateral,ZtSH2,-1,18.9281,108.5024
lateral,ZtSH2,-1,19.0435,107.8083
lateral,ZtSH2,-1,19.1589,106.4081
lateral,ZtSH2,-1,19.2743,101.0702
lateral,ZtSH2,-1,19.3897,101.6014
lateral,EGFR,-1,0,34.0222
lateral,EGFR,-1,0.1154,33.8694
lateral,EGFR,-1,0.2308,36.8228
lateral,EGFR,-1,0.3462,37.9649
lateral,EGFR,-1,0.4617,40.1138
lateral,EGFR,-1,0.5771,38.7749
lateral,EGFR,-1,0.6925,41.8563
lateral,EGFR,-1,0.8079,44.1415
lateral,EGFR,-1,0.9233,45.8038
lateral,EGFR,-1,1.0387,43.9349
lateral,EGFR,-1,1.1542,45.4423
lateral,EGFR,-1,1.2696,52.1958
lateral,EGFR,-1,1.385,55.4086
lateral,EGFR,-1,1.5004,56.1228
lateral,EGFR,-1,1.6158,56.1572
lateral,EGFR,-1,1.7312,60.8343
lateral,EGFR,-1,1.8466,70.6334
lateral,EGFR,-1,1.9621,84.5383
lateral,EGFR,-1,2.0775,89.6796
lateral,EGFR,-1,2.1929,97.4781
lateral,EGFR,-1,2.3083,98.2457
lateral,EGFR,-1,2.4237,103.9729
lateral,EGFR,-1,2.5391,104.1878
lateral,EGFR,-1,2.6545,108.4065
lateral,EGFR,-1,2.77,103.5973
lateral,EGFR,-1,2.8854,98.799
lateral,EGFR,-1,3.0008,92.4933
lateral,EGFR,-1,3.1162,91.0242
lateral,EGFR,-1,3.2316,84.3377
lateral,EGFR,-1,3.347,84.5136
lateral,EGFR,-1,3.4625,78.6842
lateral,EGFR,-1,3.5779,72.7553
lateral,EGFR,-1,3.6933,68.9509
lateral,EGFR,-1,3.8087,70.1663
lateral,EGFR,-1,3.9241,69.9301
lateral,EGFR,-1,4.0395,72.4811
lateral,EGFR,-1,4.1549,68.2584
lateral,EGFR,-1,4.2704,68.8434
lateral,EGFR,-1,4.3858,70.2128
lateral,EGFR,-1,4.5012,62.9598
lateral,EGFR,-1,4.6166,57.9303
lateral,EGFR,-1,4.732,57.3366
lateral,EGFR,-1,4.8474,50.8174
lateral,EGFR,-1,4.9628,51.415
lateral,EGFR,-1,5.0783,45.6918
lateral,EGFR,-1,5.1937,48.4634
lateral,EGFR,-1,5.3091,50.3878
lateral,EGFR,-1,5.4245,41.5754
lateral,EGFR,-1,5.5399,44.3226
lateral,EGFR,-1,5.6553,48.6814
lateral,EGFR,-1,5.7708,43.6945
lateral,EGFR,-1,5.8862,46.2877
lateral,EGFR,-1,6.0016,49.2121
lateral,EGFR,-1,6.117,50.8727
lateral,EGFR,-1,6.2324,40.6732
lateral,EGFR,-1,6.3478,43.9918
lateral,EGFR,-1,6.4632,42.7232
lateral,EGFR,-1,6.5787,40.3782
lateral,EGFR,-1,6.6941,44.178
lateral,EGFR,-1,6.8095,40.7379
lateral,EGFR,-1,6.9249,40.0917
lateral,EGFR,-1,7.0403,34.0656
lateral,EGFR,-1,7.1557,38.6467
lateral,EGFR,-1,7.2711,38.0176
lateral,EGFR,-1,7.3866,38.7329
lateral,EGFR,-1,7.502,37.0366
lateral,EGFR,-1,7.6174,32.0738
lateral,EGFR,-1,7.7328,34.6203
lateral,EGFR,-1,7.8482,43.1922
lateral,EGFR,-1,7.9636,40.8565
lateral,EGFR,-1,8.0791,42.1645
lateral,EGFR,-1,8.1945,36.3732
lateral,EGFR,-1,8.3099,37.7071
lateral,EGFR,-1,8.4253,32.6585
lateral,EGFR,-1,8.5407,33.4994
lateral,EGFR,-1,8.6561,32.708
lateral,EGFR,-1,8.7715,41.4727
lateral,EGFR,-1,8.887,43.087
lateral,EGFR,-1,9.0024,40.7928
lateral,EGFR,-1,9.1178,41.395
lateral,EGFR,-1,9.2332,46.8567
lateral,EGFR,-1,9.3486,42.3089
lateral,EGFR,-1,9.464,39.5016
lateral,EGFR,-1,9.5794,43.1932
lateral,EGFR,-1,9.6949,49.8278
lateral,EGFR,-1,9.8103,48.4813
lateral,EGFR,-1,9.9257,47.5736
lateral,EGFR,-1,10.0411,46.2904
lateral,EGFR,-1,10.1565,53.6283
lateral,EGFR,-1,10.2719,48.7971
lateral,EGFR,-1,10.3874,46.9377
lateral,EGFR,-1,10.5028,45.6702
lateral,EGFR,-1,10.6182,45.6299
lateral,EGFR,-1,10.7336,47.5307
lateral,EGFR,-1,10.849,50.5601
lateral,EGFR,-1,10.9644,43.7891
lateral,EGFR,-1,11.0798,47.4865
lateral,EGFR,-1,11.1953,44.3951
lateral,EGFR,-1,11.3107,49.4136
lateral,EGFR,-1,11.4261,45.3671
lateral,EGFR,-1,11.5415,43.4911
lateral,EGFR,-1,11.6569,44.269
lateral,EGFR,-1,11.7723,46.7692
lateral,EGFR,-1,11.8878,48.4223
lateral,EGFR,-1,12.0032,46.4716
lateral,EGFR,-1,12.1186,51.7773
lateral,EGFR,-1,12.234,44.2705
lateral,EGFR,-1,12.3494,50.6353
lateral,EGFR,-1,12.4648,52.1473
lateral,EGFR,-1,12.5802,54.8029
lateral,EGFR,-1,12.6957,50.2402
lateral,EGFR,-1,12.8111,51.6184
lateral,EGFR,-1,12.9265,59.6665
lateral,EGFR,-1,13.0419,60.4759
lateral,EGFR,-1,13.1573,57.7727
lateral,EGFR,-1,13.2727,61.9803
lateral,EGFR,-1,13.3881,59.8
lateral,EGFR,-1,13.5036,59.2611
lateral,EGFR,-1,13.619,69.2085
lateral,EGFR,-1,13.7344,63.8942
lateral,EGFR,-1,13.8498,57.7293
lateral,EGFR,-1,13.9652,65.3943
lateral,EGFR,-1,14.0806,72.2782
lateral,EGFR,-1,14.1961,76.6206
lateral,EGFR,-1,14.3115,76.4795
lateral,EGFR,-1,14.4269,81.1378
lateral,EGFR,-1,14.5423,91.783
lateral,EGFR,-1,14.6577,89.3503
lateral,EGFR,-1,14.7731,79.8232
lateral,EGFR,-1,14.8885,88.3714
lateral,EGFR,-1,15.004,94.8134
lateral,EGFR,-1,15.1194,90.9433
lateral,EGFR,-1,15.2348,87.3222
lateral,EGFR,-1,15.3502,87.2345
lateral,EGFR,-1,15.4656,84.6411
lateral,EGFR,-1,15.581,91.6466
lateral,EGFR,-1,15.6964,85.77
lateral,EGFR,-1,15.8119,93.5459
lateral,EGFR,-1,15.9273,85.2802
lateral,EGFR,-1,16.0427,81.7778
lateral,EGFR,-1,16.1581,74.2207
lateral,EGFR,-1,16.2735,61.6218
lateral,EGFR,-1,16.3889,57.8795
lateral,EGFR,-1,16.5044,55.7619
lateral,EGFR,-1,16.6198,46.0566
lateral,EGFR,-1,16.7352,37.4734
lateral,EGFR,-1,16.8506,33.3249
lateral,EGFR,-1,16.966,32.5468
lateral,EGFR,-1,17.0814,26.5989
lateral,EGFR,-1,17.1968,31.8409
lateral,EGFR,-1,17.3123,27.0296
lateral,EGFR,-1,17.4277,28.119
lateral,EGFR,-1,17.5431,23.778
lateral,EGFR,-1,17.6585,23.2357
lateral,EGFR,-1,17.7739,25.1674
lateral,EGFR,-1,17.8893,27.2742
lateral,EGFR,-1,18.0047,25.7656
lateral,EGFR,-1,18.1202,18.9341
lateral,EGFR,-1,18.2356,21.7604
lateral,EGFR,-1,18.351,20.1536
lateral,EGFR,-1,18.4664,23.2786
lateral,EGFR,-1,18.5818,21.2564
lateral,EGFR,-1,18.6972,18.7668
lateral,EGFR,-1,18.8127,19.7796
lateral,EGFR,-1,18.9281,22.2624
lateral,EGFR,-1,19.0435,28.4673
lateral,EGFR,-1,19.1589,23.8621
lateral,EGFR,-1,19.2743,25.0145
lateral,EGFR,-1,19.3897,23.9624
lateral,ZtSH2,6,0,68.322
lateral,ZtSH2,6,0.1154,68.5938
lateral,ZtSH2,6,0.2308,66.8236
lateral,ZtSH2,6,0.3462,65.2424
lateral,ZtSH2,6,0.4617,68.9769
lateral,ZtSH2,6,0.5771,66.3964
lateral,ZtSH2,6,0.6925,62.5239
lateral,ZtSH2,6,0.8079,60.757
lateral,ZtSH2,6,0.9233,66.8639
lateral,ZtSH2,6,1.0387,75.4912
lateral,ZtSH2,6,1.1542,72.3295
lateral,ZtSH2,6,1.2696,68.7873
lateral,ZtSH2,6,1.385,71.0598
lateral,ZtSH2,6,1.5004,65.9927
lateral,ZtSH2,6,1.6158,69.0294
lateral,ZtSH2,6,1.7312,69.7343
lateral,ZtSH2,6,1.8466,70.7553
lateral,ZtSH2,6,1.9621,63.8151
lateral,ZtSH2,6,2.0775,70.0741
lateral,ZtSH2,6,2.1929,71.2621
lateral,ZtSH2,6,2.3083,58.9485
lateral,ZtSH2,6,2.4237,69.1404
lateral,ZtSH2,6,2.5391,71.56
lateral,ZtSH2,6,2.6545,68.3029
lateral,ZtSH2,6,2.77,64.3933
lateral,ZtSH2,6,2.8854,74.2102
lateral,ZtSH2,6,3.0008,62.0271
lateral,ZtSH2,6,3.1162,70.5309
lateral,ZtSH2,6,3.2316,69.9542
lateral,ZtSH2,6,3.347,68.7152
lateral,ZtSH2,6,3.4625,72.3984
lateral,ZtSH2,6,3.5779,74.868
lateral,ZtSH2,6,3.6933,71.2929
lateral,ZtSH2,6,3.8087,68.9695
lateral,ZtSH2,6,3.9241,67.9296
lateral,ZtSH2,6,4.0395,65.3359
lateral,ZtSH2,6,4.1549,68.5823
lateral,ZtSH2,6,4.2704,68.4108
lateral,ZtSH2,6,4.3858,70.9337
lateral,ZtSH2,6,4.5012,66.4325
lateral,ZtSH2,6,4.6166,66.4451
lateral,ZtSH2,6,4.732,63.0641
lateral,ZtSH2,6,4.8474,65.6331
lateral,ZtSH2,6,4.9628,58.0209
lateral,ZtSH2,6,5.0783,53.3779
lateral,ZtSH2,6,5.1937,60.6031
lateral,ZtSH2,6,5.3091,61.9494
lateral,ZtSH2,6,5.4245,60.9003
lateral,ZtSH2,6,5.5399,52.0759
lateral,ZtSH2,6,5.6553,61.7379
lateral,ZtSH2,6,5.7708,61.0513
lateral,ZtSH2,6,5.8862,55.8691
lateral,ZtSH2,6,6.0016,57.2379
lateral,ZtSH2,6,6.117,58.8037
lateral,ZtSH2,6,6.2324,60.8838
lateral,ZtSH2,6,6.3478,59.8283
lateral,ZtSH2,6,6.4632,61.3719
lateral,ZtSH2,6,6.5787,57.8617
lateral,ZtSH2,6,6.6941,54.6335
lateral,ZtSH2,6,6.8095,61.0895
lateral,ZtSH2,6,6.9249,60.212
lateral,ZtSH2,6,7.0403,57.9104
lateral,ZtSH2,6,7.1557,52.3591
lateral,ZtSH2,6,7.2711,57.1324
lateral,ZtSH2,6,7.3866,68.4393
lateral,ZtSH2,6,7.502,70.0287
lateral,ZtSH2,6,7.6174,62.8822
lateral,ZtSH2,6,7.7328,62.035
lateral,ZtSH2,6,7.8482,66.9051
lateral,ZtSH2,6,7.9636,67.9853
lateral,ZtSH2,6,8.0791,67.5952
lateral,ZtSH2,6,8.1945,75.9269
lateral,ZtSH2,6,8.3099,76.4367
lateral,ZtSH2,6,8.4253,80.3997
lateral,ZtSH2,6,8.5407,73.5657
lateral,ZtSH2,6,8.6561,72.7772
lateral,ZtSH2,6,8.7715,69.602
lateral,ZtSH2,6,8.887,72.4386
lateral,ZtSH2,6,9.0024,71.7643
lateral,ZtSH2,6,9.1178,68.4376
lateral,ZtSH2,6,9.2332,65.169
lateral,ZtSH2,6,9.3486,70.5545
lateral,ZtSH2,6,9.464,67.4995
lateral,ZtSH2,6,9.5794,66.1612
lateral,ZtSH2,6,9.6949,67.2348
lateral,ZtSH2,6,9.8103,66.2678
lateral,ZtSH2,6,9.9257,62.0481
lateral,ZtSH2,6,10.0411,64.687
lateral,ZtSH2,6,10.1565,57.5043
lateral,ZtSH2,6,10.2719,64.3647
lateral,ZtSH2,6,10.3874,64.6973
lateral,ZtSH2,6,10.5028,68.4893
lateral,ZtSH2,6,10.6182,62.8251
lateral,ZtSH2,6,10.7336,59.9406
lateral,ZtSH2,6,10.849,64.3783
lateral,ZtSH2,6,10.9644,60.3915
lateral,ZtSH2,6,11.0798,55.5343
lateral,ZtSH2,6,11.1953,56.9545
lateral,ZtSH2,6,11.3107,62.9487
lateral,ZtSH2,6,11.4261,59.2417
lateral,ZtSH2,6,11.5415,54.939
lateral,ZtSH2,6,11.6569,61.12
lateral,ZtSH2,6,11.7723,65.9447
lateral,ZtSH2,6,11.8878,63.7641
lateral,ZtSH2,6,12.0032,66.4761
lateral,ZtSH2,6,12.1186,58.3341
lateral,ZtSH2,6,12.234,60.4313
lateral,ZtSH2,6,12.3494,57.2636
lateral,ZtSH2,6,12.4648,63.4318
lateral,ZtSH2,6,12.5802,68.8095
lateral,ZtSH2,6,12.6957,60.1256
lateral,ZtSH2,6,12.8111,60.8081
lateral,ZtSH2,6,12.9265,64.3588
lateral,ZtSH2,6,13.0419,62.5642
lateral,ZtSH2,6,13.1573,66.7493
lateral,ZtSH2,6,13.2727,65.0969
lateral,ZtSH2,6,13.3881,64.1792
lateral,ZtSH2,6,13.5036,64.6629
lateral,ZtSH2,6,13.619,68.6261
lateral,ZtSH2,6,13.7344,65.5993
lateral,ZtSH2,6,13.8498,61.9361
lateral,ZtSH2,6,13.9652,66.4333
lateral,ZtSH2,6,14.0806,61.3334
lateral,ZtSH2,6,14.1961,59.9216
lateral,ZtSH2,6,14.3115,66.8554
lateral,ZtSH2,6,14.4269,60.6521
lateral,ZtSH2,6,14.5423,60.1175
lateral,ZtSH2,6,14.6577,66.4963
lateral,ZtSH2,6,14.7731,62.6209
lateral,ZtSH2,6,14.8885,57.8849
lateral,ZtSH2,6,15.004,60.9454
lateral,ZtSH2,6,15.1194,59.6004
lateral,ZtSH2,6,15.2348,63.7539
lateral,ZtSH2,6,15.3502,69.92
lateral,ZtSH2,6,15.4656,68.9722
lateral,ZtSH2,6,15.581,69.2697
lateral,ZtSH2,6,15.6964,71.0257
lateral,ZtSH2,6,15.8119,72.5514
lateral,ZtSH2,6,15.9273,75.7799
lateral,ZtSH2,6,16.0427,70.5233
lateral,ZtSH2,6,16.1581,70.6372
lateral,ZtSH2,6,16.2735,69.7157
lateral,ZtSH2,6,16.3889,64.2033
lateral,ZtSH2,6,16.5044,66.2001
lateral,ZtSH2,6,16.6198,62.6422
lateral,ZtSH2,6,16.7352,63.8571
lateral,ZtSH2,6,16.8506,65.2052
lateral,ZtSH2,6,16.966,65.1538
lateral,ZtSH2,6,17.0814,66.8856
lateral,ZtSH2,6,17.1968,66.1148
lateral,ZtSH2,6,17.3123,67.4809
lateral,ZtSH2,6,17.4277,64.4332
lateral,ZtSH2,6,17.5431,59.3609
lateral,ZtSH2,6,17.6585,67.5461
lateral,ZtSH2,6,17.7739,65.4003
lateral,ZtSH2,6,17.8893,59.1238
lateral,ZtSH2,6,18.0047,59.8769
lateral,ZtSH2,6,18.1202,63.7283
lateral,ZtSH2,6,18.2356,61.7274
lateral,ZtSH2,6,18.351,62.264
lateral,ZtSH2,6,18.4664,62.9551
lateral,ZtSH2,6,18.5818,70.9166
lateral,ZtSH2,6,18.6972,68.3058
lateral,ZtSH2,6,18.8127,62.7026
lateral,ZtSH2,6,18.9281,65.5869
lateral,ZtSH2,6,19.0435,68.2236
lateral,ZtSH2,6,19.1589,64.9924
lateral,ZtSH2,6,19.2743,63.5598
lateral,ZtSH2,6,19.3897,64.3091
lateral,EGFR,6,0,39.1653
lateral,EGFR,6,0.1154,30.6176
lateral,EGFR,6,0.2308,24.5398
lateral,EGFR,6,0.3462,29.2008
lateral,EGFR,6,0.4617,38.2108
lateral,EGFR,6,0.5771,31.9402
lateral,EGFR,6,0.6925,33.8022
lateral,EGFR,6,0.8079,28.1317
lateral,EGFR,6,0.9233,26.2373
lateral,EGFR,6,1.0387,29.7639
lateral,EGFR,6,1.1542,28.0168
lateral,EGFR,6,1.2696,28.0785
lateral,EGFR,6,1.385,34.7098
lateral,EGFR,6,1.5004,34.6325
lateral,EGFR,6,1.6158,32.8078
lateral,EGFR,6,1.7312,34.605
lateral,EGFR,6,1.8466,29.8107
lateral,EGFR,6,1.9621,28.7281
lateral,EGFR,6,2.0775,34.9008
lateral,EGFR,6,2.1929,38.4394
lateral,EGFR,6,2.3083,39.2649
lateral,EGFR,6,2.4237,36.0511
lateral,EGFR,6,2.5391,37.0976
lateral,EGFR,6,2.6545,32.2265
lateral,EGFR,6,2.77,33.7212
lateral,EGFR,6,2.8854,35.6046
lateral,EGFR,6,3.0008,38.7473
lateral,EGFR,6,3.1162,38.4641
lateral,EGFR,6,3.2316,39.8384
lateral,EGFR,6,3.347,42.2021
lateral,EGFR,6,3.4625,40.6098
lateral,EGFR,6,3.5779,43.5089
lateral,EGFR,6,3.6933,43.757
lateral,EGFR,6,3.8087,54.9004
lateral,EGFR,6,3.9241,54.6849
lateral,EGFR,6,4.0395,55.1596
lateral,EGFR,6,4.1549,61.2141
lateral,EGFR,6,4.2704,63.2902
lateral,EGFR,6,4.3858,63.4548
lateral,EGFR,6,4.5012,61.1922
lateral,EGFR,6,4.6166,62.9709
lateral,EGFR,6,4.732,59.549
lateral,EGFR,6,4.8474,56.9685
lateral,EGFR,6,4.9628,51.7494
lateral,EGFR,6,5.0783,50.5962
lateral,EGFR,6,5.1937,50.3106
lateral,EGFR,6,5.3091,46.698
lateral,EGFR,6,5.4245,53.3704
lateral,EGFR,6,5.5399,55.8986
lateral,EGFR,6,5.6553,54.3782
lateral,EGFR,6,5.7708,58.2563
lateral,EGFR,6,5.8862,59.6204
lateral,EGFR,6,6.0016,61.873
lateral,EGFR,6,6.117,54.3933
lateral,EGFR,6,6.2324,54.1938
lateral,EGFR,6,6.3478,57.9307
lateral,EGFR,6,6.4632,61.9078
lateral,EGFR,6,6.5787,56.2745
lateral,EGFR,6,6.6941,54.0059
lateral,EGFR,6,6.8095,54.0671
lateral,EGFR,6,6.9249,52.1031
lateral,EGFR,6,7.0403,46.1501
lateral,EGFR,6,7.1557,45.6456
lateral,EGFR,6,7.2711,43.8791
lateral,EGFR,6,7.3866,41.3742
lateral,EGFR,6,7.502,44.9699
lateral,EGFR,6,7.6174,47.7829
lateral,EGFR,6,7.7328,41.2267
lateral,EGFR,6,7.8482,43.0226
lateral,EGFR,6,7.9636,36.4986
lateral,EGFR,6,8.0791,41.1811
lateral,EGFR,6,8.1945,43.7163
lateral,EGFR,6,8.3099,37.9286
lateral,EGFR,6,8.4253,38.0393
lateral,EGFR,6,8.5407,41.0726
lateral,EGFR,6,8.6561,39.3115
lateral,EGFR,6,8.7715,43.8371
lateral,EGFR,6,8.887,41.1562
lateral,EGFR,6,9.0024,40.1396
lateral,EGFR,6,9.1178,40.6603
lateral,EGFR,6,9.2332,39.5219
lateral,EGFR,6,9.3486,40.2515
lateral,EGFR,6,9.464,42.9244
lateral,EGFR,6,9.5794,36.5959
lateral,EGFR,6,9.6949,38.5459
lateral,EGFR,6,9.8103,41.1323
lateral,EGFR,6,9.9257,33.7382
lateral,EGFR,6,10.0411,38.8284
lateral,EGFR,6,10.1565,38.1313
lateral,EGFR,6,10.2719,37.3561
lateral,EGFR,6,10.3874,31.5608
lateral,EGFR,6,10.5028,33.9748
lateral,EGFR,6,10.6182,33.1117
lateral,EGFR,6,10.7336,30.3316
lateral,EGFR,6,10.849,37.0765
lateral,EGFR,6,10.9644,35.1775
lateral,EGFR,6,11.0798,34.3404
lateral,EGFR,6,11.1953,34.7327
lateral,EGFR,6,11.3107,34.4401
lateral,EGFR,6,11.4261,39.5903
lateral,EGFR,6,11.5415,35.343
lateral,EGFR,6,11.6569,35.6635
lateral,EGFR,6,11.7723,37.1834
lateral,EGFR,6,11.8878,39.634
lateral,EGFR,6,12.0032,35.1725
lateral,EGFR,6,12.1186,31.1107
lateral,EGFR,6,12.234,34.5294
lateral,EGFR,6,12.3494,40.8023
lateral,EGFR,6,12.4648,36.5639
lateral,EGFR,6,12.5802,34.0261
lateral,EGFR,6,12.6957,42.1362
lateral,EGFR,6,12.8111,39.9202
lateral,EGFR,6,12.9265,37.4748
lateral,EGFR,6,13.0419,37.5037
lateral,EGFR,6,13.1573,36.9346
lateral,EGFR,6,13.2727,38.5119
lateral,EGFR,6,13.3881,41.9578
lateral,EGFR,6,13.5036,43.9437
lateral,EGFR,6,13.619,42.184
lateral,EGFR,6,13.7344,43.8711
lateral,EGFR,6,13.8498,39.4746
lateral,EGFR,6,13.9652,42.7784
lateral,EGFR,6,14.0806,42.1363
lateral,EGFR,6,14.1961,44.5313
lateral,EGFR,6,14.3115,44.5344
lateral,EGFR,6,14.4269,48.3658
lateral,EGFR,6,14.5423,47.9053
lateral,EGFR,6,14.6577,53.2934
lateral,EGFR,6,14.7731,51.2413
lateral,EGFR,6,14.8885,52.319
lateral,EGFR,6,15.004,57.2897
lateral,EGFR,6,15.1194,61.8809
lateral,EGFR,6,15.2348,62.4851
lateral,EGFR,6,15.3502,59.548
lateral,EGFR,6,15.4656,59.5431
lateral,EGFR,6,15.581,61.3978
lateral,EGFR,6,15.6964,58.3303
lateral,EGFR,6,15.8119,60.2593
lateral,EGFR,6,15.9273,68.779
lateral,EGFR,6,16.0427,56.8118
lateral,EGFR,6,16.1581,54.5327
lateral,EGFR,6,16.2735,52.2983
lateral,EGFR,6,16.3889,44.9146
lateral,EGFR,6,16.5044,41.1494
lateral,EGFR,6,16.6198,41.2227
lateral,EGFR,6,16.7352,42.2234
lateral,EGFR,6,16.8506,38.5739
lateral,EGFR,6,16.966,37.4867
lateral,EGFR,6,17.0814,30.9961
lateral,EGFR,6,17.1968,28.7126
lateral,EGFR,6,17.3123,26.4942
lateral,EGFR,6,17.4277,35.1056
lateral,EGFR,6,17.5431,32.6771
lateral,EGFR,6,17.6585,26.8498
lateral,EGFR,6,17.7739,32.3029
lateral,EGFR,6,17.8893,28.5572
lateral,EGFR,6,18.0047,26.6929
lateral,EGFR,6,18.1202,29.6264
lateral,EGFR,6,18.2356,30.2999
lateral,EGFR,6,18.351,28.8797
lateral,EGFR,6,18.4664,32.2569
lateral,EGFR,6,18.5818,29.7228
lateral,EGFR,6,18.6972,26.8664
lateral,EGFR,6,18.8127,30.4659
lateral,EGFR,6,18.9281,28.6741
lateral,EGFR,6,19.0435,29.8437
lateral,EGFR,6,19.1589,25.2267
lateral,EGFR,6,19.2743,29.8052
lateral,EGFR,6,19.3897,27.0275
lateral,ZtSH2,11,0,65.7599
lateral,ZtSH2,11,0.1154,73.1811
lateral,ZtSH2,11,0.2308,74.0875
lateral,ZtSH2,11,0.3462,69.3852
lateral,ZtSH2,11,0.4617,69.9771
lateral,ZtSH2,11,0.5771,76.9293
lateral,ZtSH2,11,0.6925,78.1556
lateral,ZtSH2,11,0.8079,82.2249
lateral,ZtSH2,11,0.9233,77.0855
lateral,ZtSH2,11,1.0387,76.2795
lateral,ZtSH2,11,1.1542,80.3409
lateral,ZtSH2,11,1.2696,79.7987
lateral,ZtSH2,11,1.385,76.6046
lateral,ZtSH2,11,1.5004,76.5505
lateral,ZtSH2,11,1.6158,79.81
lateral,ZtSH2,11,1.7312,80.8489
lateral,ZtSH2,11,1.8466,78.0154
lateral,ZtSH2,11,1.9621,79.3323
lateral,ZtSH2,11,2.0775,78.6979
lateral,ZtSH2,11,2.1929,75.431
lateral,ZtSH2,11,2.3083,81.3521
lateral,ZtSH2,11,2.4237,86.4376
lateral,ZtSH2,11,2.5391,86.7188
lateral,ZtSH2,11,2.6545,89.1787
lateral,ZtSH2,11,2.77,89.5722
lateral,ZtSH2,11,2.8854,92.6622
lateral,ZtSH2,11,3.0008,80.1655
lateral,ZtSH2,11,3.1162,83.816
lateral,ZtSH2,11,3.2316,78.1916
lateral,ZtSH2,11,3.347,86.4542
lateral,ZtSH2,11,3.4625,74.8146
lateral,ZtSH2,11,3.5779,76.0562
lateral,ZtSH2,11,3.6933,76.5246
lateral,ZtSH2,11,3.8087,74.8717
lateral,ZtSH2,11,3.9241,70.788
lateral,ZtSH2,11,4.0395,71.7994
lateral,ZtSH2,11,4.1549,73.6857
lateral,ZtSH2,11,4.2704,74.4765
lateral,ZtSH2,11,4.3858,73.6264
lateral,ZtSH2,11,4.5012,70.0748
lateral,ZtSH2,11,4.6166,68.5169
lateral,ZtSH2,11,4.732,71.8075
lateral,ZtSH2,11,4.8474,67.8069
lateral,ZtSH2,11,4.9628,65.4094
lateral,ZtSH2,11,5.0783,62.563
lateral,ZtSH2,11,5.1937,62.6469
lateral,ZtSH2,11,5.3091,62.1495
lateral,ZtSH2,11,5.4245,61.0113
lateral,ZtSH2,11,5.5399,62.5151
lateral,ZtSH2,11,5.6553,64.9807
lateral,ZtSH2,11,5.7708,58.6459
lateral,ZtSH2,11,5.8862,64.8905
lateral,ZtSH2,11,6.0016,63.6887
lateral,ZtSH2,11,6.117,69.4344
lateral,ZtSH2,11,6.2324,68.6865
lateral,ZtSH2,11,6.3478,66.4202
lateral,ZtSH2,11,6.4632,65.5342
lateral,ZtSH2,11,6.5787,63.335
lateral,ZtSH2,11,6.6941,66.0794
lateral,ZtSH2,11,6.8095,61.2817
lateral,ZtSH2,11,6.9249,60.5376
lateral,ZtSH2,11,7.0403,61.7577
lateral,ZtSH2,11,7.1557,69.4705
lateral,ZtSH2,11,7.2711,59.5951
lateral,ZtSH2,11,7.3866,61.051
lateral,ZtSH2,11,7.502,65.6986
lateral,ZtSH2,11,7.6174,59.4772
lateral,ZtSH2,11,7.7328,64.7878
lateral,ZtSH2,11,7.8482,66.0585
lateral,ZtSH2,11,7.9636,66.4349
lateral,ZtSH2,11,8.0791,65.1031
lateral,ZtSH2,11,8.1945,59.2233
lateral,ZtSH2,11,8.3099,61.8335
lateral,ZtSH2,11,8.4253,63.3627
lateral,ZtSH2,11,8.5407,57.4842
lateral,ZtSH2,11,8.6561,58.9482
lateral,ZtSH2,11,8.7715,64.6354
lateral,ZtSH2,11,8.887,65.343
lateral,ZtSH2,11,9.0024,60.839
lateral,ZtSH2,11,9.1178,64.4307
lateral,ZtSH2,11,9.2332,58.2792
lateral,ZtSH2,11,9.3486,57.2508
lateral,ZtSH2,11,9.464,61.9788
lateral,ZtSH2,11,9.5794,64.063
lateral,ZtSH2,11,9.6949,55.8657
lateral,ZtSH2,11,9.8103,56.8317
lateral,ZtSH2,11,9.9257,59.1128
lateral,ZtSH2,11,10.0411,62.7802
lateral,ZtSH2,11,10.1565,59.0682
lateral,ZtSH2,11,10.2719,53.9517
lateral,ZtSH2,11,10.3874,54.691
lateral,ZtSH2,11,10.5028,59.603
lateral,ZtSH2,11,10.6182,56.8457
lateral,ZtSH2,11,10.7336,62.121
lateral,ZtSH2,11,10.849,59.5746
lateral,ZtSH2,11,10.9644,62.4087
lateral,ZtSH2,11,11.0798,61.6411
lateral,ZtSH2,11,11.1953,56.7712
lateral,ZtSH2,11,11.3107,62.6199
lateral,ZtSH2,11,11.4261,65.0994
lateral,ZtSH2,11,11.5415,66.2408
lateral,ZtSH2,11,11.6569,65.2006
lateral,ZtSH2,11,11.7723,69.0028
lateral,ZtSH2,11,11.8878,65.8502
lateral,ZtSH2,11,12.0032,57.7533
lateral,ZtSH2,11,12.1186,63.1899
lateral,ZtSH2,11,12.234,65.5528
lateral,ZtSH2,11,12.3494,61.0598
lateral,ZtSH2,11,12.4648,62.1803
lateral,ZtSH2,11,12.5802,60.7899
lateral,ZtSH2,11,12.6957,60.6183
lateral,ZtSH2,11,12.8111,67.7477
lateral,ZtSH2,11,12.9265,66.3693
lateral,ZtSH2,11,13.0419,65.7486
lateral,ZtSH2,11,13.1573,66.0483
lateral,ZtSH2,11,13.2727,65.0137
lateral,ZtSH2,11,13.3881,65.2042
lateral,ZtSH2,11,13.5036,67.538
lateral,ZtSH2,11,13.619,64.9909
lateral,ZtSH2,11,13.7344,70.7921
lateral,ZtSH2,11,13.8498,75.5382
lateral,ZtSH2,11,13.9652,79.0628
lateral,ZtSH2,11,14.0806,76.4657
lateral,ZtSH2,11,14.1961,78.6761
lateral,ZtSH2,11,14.3115,85.9679
lateral,ZtSH2,11,14.4269,88.526
lateral,ZtSH2,11,14.5423,88.8207
lateral,ZtSH2,11,14.6577,89.4259
lateral,ZtSH2,11,14.7731,94.4548
lateral,ZtSH2,11,14.8885,85.9321
lateral,ZtSH2,11,15.004,90.3965
lateral,ZtSH2,11,15.1194,86.3775
lateral,ZtSH2,11,15.2348,82.1029
lateral,ZtSH2,11,15.3502,80.7741
lateral,ZtSH2,11,15.4656,71.863
lateral,ZtSH2,11,15.581,71.6232
lateral,ZtSH2,11,15.6964,68.8585
lateral,ZtSH2,11,15.8119,81.1091
lateral,ZtSH2,11,15.9273,80.9539
lateral,ZtSH2,11,16.0427,76.2535
lateral,ZtSH2,11,16.1581,73.9789
lateral,ZtSH2,11,16.2735,71.0495
lateral,ZtSH2,11,16.3889,65.6369
lateral,ZtSH2,11,16.5044,63.1904
lateral,ZtSH2,11,16.6198,69.5498
lateral,ZtSH2,11,16.7352,71.1808
lateral,ZtSH2,11,16.8506,68.3906
lateral,ZtSH2,11,16.966,70.8296
lateral,ZtSH2,11,17.0814,70.2285
lateral,ZtSH2,11,17.1968,74.6519
lateral,ZtSH2,11,17.3123,75.6974
lateral,ZtSH2,11,17.4277,74.3652
lateral,ZtSH2,11,17.5431,76.3601
lateral,ZtSH2,11,17.6585,71.0574
lateral,ZtSH2,11,17.7739,68.6496
lateral,ZtSH2,11,17.8893,70.4589
lateral,ZtSH2,11,18.0047,71.2697
lateral,ZtSH2,11,18.1202,70.104
lateral,ZtSH2,11,18.2356,72.8089
lateral,ZtSH2,11,18.351,68.0106
lateral,ZtSH2,11,18.4664,70.4965
lateral,ZtSH2,11,18.5818,72.6238
lateral,ZtSH2,11,18.6972,75.5927
lateral,ZtSH2,11,18.8127,72.1279
lateral,ZtSH2,11,18.9281,74.5492
lateral,ZtSH2,11,19.0435,76.0678
lateral,ZtSH2,11,19.1589,72.1809
lateral,ZtSH2,11,19.2743,68.6583
lateral,ZtSH2,11,19.3897,74.9952
lateral,EGFR,11,0,35.479
lateral,EGFR,11,0.1154,30.7385
lateral,EGFR,11,0.2308,31.5934
lateral,EGFR,11,0.3462,34.6365
lateral,EGFR,11,0.4617,35.7779
lateral,EGFR,11,0.5771,37.6191
lateral,EGFR,11,0.6925,37.0764
lateral,EGFR,11,0.8079,40.3592
lateral,EGFR,11,0.9233,39.1774
lateral,EGFR,11,1.0387,36.0104
lateral,EGFR,11,1.1542,40.2392
lateral,EGFR,11,1.2696,44.5677
lateral,EGFR,11,1.385,42.9057
lateral,EGFR,11,1.5004,42.5772
lateral,EGFR,11,1.6158,40.9882
lateral,EGFR,11,1.7312,40.4839
lateral,EGFR,11,1.8466,44.4307
lateral,EGFR,11,1.9621,44.6505
lateral,EGFR,11,2.0775,43.7099
lateral,EGFR,11,2.1929,49.6517
lateral,EGFR,11,2.3083,49.2336
lateral,EGFR,11,2.4237,54.0132
lateral,EGFR,11,2.5391,52.1397
lateral,EGFR,11,2.6545,51.322
lateral,EGFR,11,2.77,50.3079
lateral,EGFR,11,2.8854,53.5274
lateral,EGFR,11,3.0008,56.8095
lateral,EGFR,11,3.1162,52.6116
lateral,EGFR,11,3.2316,55.5476
lateral,EGFR,11,3.347,57.6279
lateral,EGFR,11,3.4625,62.1518
lateral,EGFR,11,3.5779,59.7267
lateral,EGFR,11,3.6933,53.295
lateral,EGFR,11,3.8087,54.1781
lateral,EGFR,11,3.9241,55.745
lateral,EGFR,11,4.0395,56.0799
lateral,EGFR,11,4.1549,59.4499
lateral,EGFR,11,4.2704,55.7045
lateral,EGFR,11,4.3858,54.6287
lateral,EGFR,11,4.5012,56.7348
lateral,EGFR,11,4.6166,60.8121
lateral,EGFR,11,4.732,58.4652
lateral,EGFR,11,4.8474,51.1212
lateral,EGFR,11,4.9628,56.1493
lateral,EGFR,11,5.0783,62.5808
lateral,EGFR,11,5.1937,62.7378
lateral,EGFR,11,5.3091,60.2101
lateral,EGFR,11,5.4245,54.8935
lateral,EGFR,11,5.5399,53.4786
lateral,EGFR,11,5.6553,49.7568
lateral,EGFR,11,5.7708,53.9572
lateral,EGFR,11,5.8862,53.2088
lateral,EGFR,11,6.0016,47.8602
lateral,EGFR,11,6.117,48.1263
lateral,EGFR,11,6.2324,41.6894
lateral,EGFR,11,6.3478,41.3465
lateral,EGFR,11,6.4632,35.6105
lateral,EGFR,11,6.5787,31.6477
lateral,EGFR,11,6.6941,30.0653
lateral,EGFR,11,6.8095,35.0214
lateral,EGFR,11,6.9249,35.5692
lateral,EGFR,11,7.0403,31.0369
lateral,EGFR,11,7.1557,34.2111
lateral,EGFR,11,7.2711,31.5109
lateral,EGFR,11,7.3866,28.5108
lateral,EGFR,11,7.502,33.9993
lateral,EGFR,11,7.6174,31.6223
lateral,EGFR,11,7.7328,35.3474
lateral,EGFR,11,7.8482,38.9694
lateral,EGFR,11,7.9636,37.7393
lateral,EGFR,11,8.0791,32.6446
lateral,EGFR,11,8.1945,32.0303
lateral,EGFR,11,8.3099,31.2722
lateral,EGFR,11,8.4253,29.7311
lateral,EGFR,11,8.5407,30.068
lateral,EGFR,11,8.6561,34.1931
lateral,EGFR,11,8.7715,31.8239
lateral,EGFR,11,8.887,36.2584
lateral,EGFR,11,9.0024,35.7645
lateral,EGFR,11,9.1178,34.4115
lateral,EGFR,11,9.2332,35.3511
lateral,EGFR,11,9.3486,33.7758
lateral,EGFR,11,9.464,38.8767
lateral,EGFR,11,9.5794,42.425
lateral,EGFR,11,9.6949,41.4939
lateral,EGFR,11,9.8103,38.3779
lateral,EGFR,11,9.9257,36.4984
lateral,EGFR,11,10.0411,37.6475
lateral,EGFR,11,10.1565,33.8015
lateral,EGFR,11,10.2719,36.428
lateral,EGFR,11,10.3874,37.6856
lateral,EGFR,11,10.5028,39.3669
lateral,EGFR,11,10.6182,34.5412
lateral,EGFR,11,10.7336,35.1877
lateral,EGFR,11,10.849,40.0041
lateral,EGFR,11,10.9644,43.6789
lateral,EGFR,11,11.0798,32.7956
lateral,EGFR,11,11.1953,38.4721
lateral,EGFR,11,11.3107,35.9928
lateral,EGFR,11,11.4261,35.8236
lateral,EGFR,11,11.5415,37.8154
lateral,EGFR,11,11.6569,41.7193
lateral,EGFR,11,11.7723,41.2917
lateral,EGFR,11,11.8878,41.9665
lateral,EGFR,11,12.0032,43.2465
lateral,EGFR,11,12.1186,41.197
lateral,EGFR,11,12.234,42.203
lateral,EGFR,11,12.3494,47.1548
lateral,EGFR,11,12.4648,42.538
lateral,EGFR,11,12.5802,45.4295
lateral,EGFR,11,12.6957,41.0682
lateral,EGFR,11,12.8111,46.5716
lateral,EGFR,11,12.9265,41.7476
lateral,EGFR,11,13.0419,49.0744
lateral,EGFR,11,13.1573,47.3883
lateral,EGFR,11,13.2727,43.8696
lateral,EGFR,11,13.3881,48.7868
lateral,EGFR,11,13.5036,50.1391
lateral,EGFR,11,13.619,51.6273
lateral,EGFR,11,13.7344,53.5823
lateral,EGFR,11,13.8498,57.8304
lateral,EGFR,11,13.9652,62.5436
lateral,EGFR,11,14.0806,65.3507
lateral,EGFR,11,14.1961,67.4901
lateral,EGFR,11,14.3115,71.1828
lateral,EGFR,11,14.4269,73.5554
lateral,EGFR,11,14.5423,67.8242
lateral,EGFR,11,14.6577,75.0085
lateral,EGFR,11,14.7731,72.2258
lateral,EGFR,11,14.8885,69.6053
lateral,EGFR,11,15.004,64.3802
lateral,EGFR,11,15.1194,54.624
lateral,EGFR,11,15.2348,44.6259
lateral,EGFR,11,15.3502,44.1688
lateral,EGFR,11,15.4656,44.5217
lateral,EGFR,11,15.581,40.2287
lateral,EGFR,11,15.6964,39.6955
lateral,EGFR,11,15.8119,39.7004
lateral,EGFR,11,15.9273,36.8876
lateral,EGFR,11,16.0427,38.7811
lateral,EGFR,11,16.1581,34.304
lateral,EGFR,11,16.2735,35.4764
lateral,EGFR,11,16.3889,37.6457
lateral,EGFR,11,16.5044,35.2284
lateral,EGFR,11,16.6198,35.9987
lateral,EGFR,11,16.7352,36.6127
lateral,EGFR,11,16.8506,38.3499
lateral,EGFR,11,16.966,38.6484
lateral,EGFR,11,17.0814,37.5581
lateral,EGFR,11,17.1968,40.9682
lateral,EGFR,11,17.3123,34.0467
lateral,EGFR,11,17.4277,34.476
lateral,EGFR,11,17.5431,36.5153
lateral,EGFR,11,17.6585,30.658
lateral,EGFR,11,17.7739,26.7578
lateral,EGFR,11,17.8893,28.2837
lateral,EGFR,11,18.0047,27.4932
lateral,EGFR,11,18.1202,31.3958
lateral,EGFR,11,18.2356,28.5923
lateral,EGFR,11,18.351,27.7282
lateral,EGFR,11,18.4664,31.0244
lateral,EGFR,11,18.5818,29.5321
lateral,EGFR,11,18.6972,22.6683
lateral,EGFR,11,18.8127,28.8635
lateral,EGFR,11,18.9281,28.0066
lateral,EGFR,11,19.0435,31.633
lateral,EGFR,11,19.1589,27.829
lateral,EGFR,11,19.2743,29.8456
lateral,EGFR,11,19.3897,26.5559